id,date,party,currency,amount,reference,description
B001,2026-09-05,INV-001,TRY,1125,INV-001,Consulting services
B002,2026-09-05,INV-002,TRY,1250,INV-002,Consulting services
B003,2026-09-05,INV-003,TRY,1375,INV-003,Consulting services
B004,2026-09-05,INV-004,TRY,1500,INV-004,Consulting services
B005,2026-09-05,INV-005,TRY,1625,INV-005,Consulting services
B006,2026-09-05,INV-006,TRY,1750,INV-006,Consulting services
B007,2026-09-05,INV-007,TRY,1875,INV-007,Consulting services
B008,2026-09-05,INV-008,TRY,2000,INV-008,Consulting services
B009,2026-09-05,INV-009,TRY,2125,INV-009,Consulting services
B010,2026-09-05,INV-010,TRY,2250,INV-010,Consulting services
B011,2026-09-05,INV-011,TRY,2375,INV-011,Consulting services
B012,2026-09-05,INV-012,TRY,2500,INV-012,Consulting services
B013,2026-09-05,INV-013,TRY,2625,INV-013,Consulting services
B014,2026-09-05,INV-014,TRY,2750,INV-014,Consulting services
B015,2026-09-05,INV-015,TRY,2875,INV-015,Consulting services
B016,2026-09-05,INV-016,TRY,3000,INV-016,Consulting services
B017,2026-09-05,INV-017,TRY,3125,INV-017,Consulting services
B018,2026-09-05,INV-018,TRY,3250,INV-018,Consulting services
B019,2026-09-05,INV-019,TRY,3375,INV-019,Consulting services
B020,2026-09-05,INV-020,TRY,3500,INV-020,Consulting services
B021,2026-09-05,INV-021,TRY,3625,INV-021,Consulting services
B022,2026-09-05,INV-022,TRY,3750,INV-022,Consulting services
B023,2026-09-05,INV-023,TRY,3875,INV-023,Consulting services
B024,2026-09-05,INV-024,TRY,4000,INV-024,Consulting services
B025,2026-09-05,INV-025,TRY,4125,INV-025,Consulting services
B026,2026-09-05,INV-026,TRY,4250,INV-026,Consulting services
B027,2026-09-05,INV-027,TRY,4375,INV-027,Consulting services
B028,2026-09-05,INV-028,TRY,4500,INV-028,Consulting services
B029,2026-09-05,INV-029,TRY,4625,INV-029,Consulting services
B030,2026-09-05,INV-030,TRY,4750,INV-030,Consulting services
B031,2026-09-05,INV-031,TRY,4875,INV-031,Consulting services
B032,2026-09-05,INV-032,TRY,5000,INV-032,Consulting services
B033,2026-09-05,INV-033,TRY,5125,INV-033,Consulting services
B034,2026-09-05,INV-034,TRY,5250,INV-034,Consulting services
B035,2026-09-05,INV-035,TRY,5375,INV-035,Consulting services
B036,2026-09-05,INV-036,TRY,5500,INV-036,Consulting services
B037,2026-09-05,INV-037,TRY,5625,INV-037,Consulting services
B038,2026-09-05,INV-038,TRY,5750,INV-038,Consulting services
B039,2026-09-05,INV-039,TRY,5875,INV-039,Consulting services
B040,2026-09-05,INV-040,TRY,6000,INV-040,Consulting services
B041,2026-09-05,SPLIT,TRY,5000,SPLIT,Consulting services
B042,2026-09-05,SPLIT,TRY,7000,SPLIT,Consulting services
B043,2026-09-05,BATCH,TRY,10000,BATCH-A;BATCH-B,Consulting services
B044,2026-09-05,FEE,TRY,9975,FEE,Consulting services
B045,2026-09-05,PARTIAL,TRY,3000,PARTIAL,Consulting services
B046,2026-09-05,DUP,TRY,4500,DUP,Consulting services
B047,2026-09-05,DUP,TRY,4500,DUP,Consulting services
B048,2026-09-05,MISSING-GL,TRY,2500,MISSING-GL,Consulting services
B049,2026-09-05,UNREFERENCED,TRY,3750,,Consulting services
B050,2026-09-05,AMB,TRY,1700,,Consulting services
B051,2026-09-05,UNKNOWN,TRY,990,,Consulting services
B052,2026-09-05,OUTFLOW,TRY,-2100,OUTFLOW,Consulting services
B053,2026-09-05,OVERPAY,TRY,2200,OVERPAY,Consulting services
