id,date,party,currency,amount,description
INV-001,2026-09-01,INV-001,TRY,1125,Consulting services
INV-002,2026-09-01,INV-002,TRY,1250,Consulting services
INV-003,2026-09-01,INV-003,TRY,1375,Consulting services
INV-004,2026-09-01,INV-004,TRY,1500,Consulting services
INV-005,2026-09-01,INV-005,TRY,1625,Consulting services
INV-006,2026-09-01,INV-006,TRY,1750,Consulting services
INV-007,2026-09-01,INV-007,TRY,1875,Consulting services
INV-008,2026-09-01,INV-008,TRY,2000,Consulting services
INV-009,2026-09-01,INV-009,TRY,2125,Consulting services
INV-010,2026-09-01,INV-010,TRY,2250,Consulting services
INV-011,2026-09-01,INV-011,TRY,2375,Consulting services
INV-012,2026-09-01,INV-012,TRY,2500,Consulting services
INV-013,2026-09-01,INV-013,TRY,2625,Consulting services
INV-014,2026-09-01,INV-014,TRY,2750,Consulting services
INV-015,2026-09-01,INV-015,TRY,2875,Consulting services
INV-016,2026-09-01,INV-016,TRY,3000,Consulting services
INV-017,2026-09-01,INV-017,TRY,3125,Consulting services
INV-018,2026-09-01,INV-018,TRY,3250,Consulting services
INV-019,2026-09-01,INV-019,TRY,3375,Consulting services
INV-020,2026-09-01,INV-020,TRY,3500,Consulting services
INV-021,2026-09-01,INV-021,TRY,3625,Consulting services
INV-022,2026-09-01,INV-022,TRY,3750,Consulting services
INV-023,2026-09-01,INV-023,TRY,3875,Consulting services
INV-024,2026-09-01,INV-024,TRY,4000,Consulting services
INV-025,2026-09-01,INV-025,TRY,4125,Consulting services
INV-026,2026-09-01,INV-026,TRY,4250,Consulting services
INV-027,2026-09-01,INV-027,TRY,4375,Consulting services
INV-028,2026-09-01,INV-028,TRY,4500,Consulting services
INV-029,2026-09-01,INV-029,TRY,4625,Consulting services
INV-030,2026-09-01,INV-030,TRY,4750,Consulting services
INV-031,2026-09-01,INV-031,TRY,4875,Consulting services
INV-032,2026-09-01,INV-032,TRY,5000,Consulting services
INV-033,2026-09-01,INV-033,TRY,5125,Consulting services
INV-034,2026-09-01,INV-034,TRY,5250,Consulting services
INV-035,2026-09-01,INV-035,TRY,5375,Consulting services
INV-036,2026-09-01,INV-036,TRY,5500,Consulting services
INV-037,2026-09-01,INV-037,TRY,5625,Consulting services
INV-038,2026-09-01,INV-038,TRY,5750,Consulting services
INV-039,2026-09-01,INV-039,TRY,5875,Consulting services
INV-040,2026-09-01,INV-040,TRY,6000,Consulting services
SPLIT,2026-09-01,SPLIT,TRY,12000,Consulting services
BATCH-A,2026-09-01,BATCH,TRY,4000,Consulting services
BATCH-B,2026-09-01,BATCH,TRY,6000,Consulting services
FEE,2026-09-01,FEE,TRY,10000,Consulting services
PARTIAL,2026-09-01,PARTIAL,TRY,8000,Consulting services
DUP,2026-09-01,DUP,TRY,4500,Consulting services
MISSING-GL,2026-09-01,MISSING-GL,TRY,2500,Consulting services
UNREFERENCED,2026-09-01,UNREFERENCED,TRY,3750,Consulting services
AMB-A,2026-09-01,AMB,TRY,1700,Order A
AMB-B,2026-09-01,AMB,TRY,1700,Order B
OPEN,2026-09-01,OPEN,TRY,5200,Consulting services
OUTFLOW,2026-09-01,OUTFLOW,TRY,-2100,Consulting services
OVERPAY,2026-09-01,OVERPAY,TRY,2000,Consulting services
