id,entry_id,date,bank_id,account,currency,debit,credit
B001A,EB001,2026-09-05,B001,BANK,TRY,1125,0
B001B,EB001,2026-09-05,B001,AR,TRY,0,1125
B002A,EB002,2026-09-05,B002,BANK,TRY,1250,0
B002B,EB002,2026-09-05,B002,AR,TRY,0,1250
B003A,EB003,2026-09-05,B003,BANK,TRY,1375,0
B003B,EB003,2026-09-05,B003,AR,TRY,0,1375
B004A,EB004,2026-09-05,B004,BANK,TRY,1500,0
B004B,EB004,2026-09-05,B004,AR,TRY,0,1500
B005A,EB005,2026-09-05,B005,BANK,TRY,1625,0
B005B,EB005,2026-09-05,B005,AR,TRY,0,1625
B006A,EB006,2026-09-05,B006,BANK,TRY,1750,0
B006B,EB006,2026-09-05,B006,AR,TRY,0,1750
B007A,EB007,2026-09-05,B007,BANK,TRY,1875,0
B007B,EB007,2026-09-05,B007,AR,TRY,0,1875
B008A,EB008,2026-09-05,B008,BANK,TRY,2000,0
B008B,EB008,2026-09-05,B008,AR,TRY,0,2000
B009A,EB009,2026-09-05,B009,BANK,TRY,2125,0
B009B,EB009,2026-09-05,B009,AR,TRY,0,2125
B010A,EB010,2026-09-05,B010,BANK,TRY,2250,0
B010B,EB010,2026-09-05,B010,AR,TRY,0,2250
B011A,EB011,2026-09-05,B011,BANK,TRY,2375,0
B011B,EB011,2026-09-05,B011,AR,TRY,0,2375
B012A,EB012,2026-09-05,B012,BANK,TRY,2500,0
B012B,EB012,2026-09-05,B012,AR,TRY,0,2500
B013A,EB013,2026-09-05,B013,BANK,TRY,2625,0
B013B,EB013,2026-09-05,B013,AR,TRY,0,2625
B014A,EB014,2026-09-05,B014,BANK,TRY,2750,0
B014B,EB014,2026-09-05,B014,AR,TRY,0,2750
B015A,EB015,2026-09-05,B015,BANK,TRY,2875,0
B015B,EB015,2026-09-05,B015,AR,TRY,0,2875
B016A,EB016,2026-09-05,B016,BANK,TRY,3000,0
B016B,EB016,2026-09-05,B016,AR,TRY,0,3000
B017A,EB017,2026-09-05,B017,BANK,TRY,3125,0
B017B,EB017,2026-09-05,B017,AR,TRY,0,3125
B018A,EB018,2026-09-05,B018,BANK,TRY,3250,0
B018B,EB018,2026-09-05,B018,AR,TRY,0,3250
B019A,EB019,2026-09-05,B019,BANK,TRY,3375,0
B019B,EB019,2026-09-05,B019,AR,TRY,0,3375
B020A,EB020,2026-09-05,B020,BANK,TRY,3500,0
B020B,EB020,2026-09-05,B020,AR,TRY,0,3500
B021A,EB021,2026-09-05,B021,BANK,TRY,3625,0
B021B,EB021,2026-09-05,B021,AR,TRY,0,3625
B022A,EB022,2026-09-05,B022,BANK,TRY,3750,0
B022B,EB022,2026-09-05,B022,AR,TRY,0,3750
B023A,EB023,2026-09-05,B023,BANK,TRY,3875,0
B023B,EB023,2026-09-05,B023,AR,TRY,0,3875
B024A,EB024,2026-09-05,B024,BANK,TRY,4000,0
B024B,EB024,2026-09-05,B024,AR,TRY,0,4000
B025A,EB025,2026-09-05,B025,BANK,TRY,4125,0
B025B,EB025,2026-09-05,B025,AR,TRY,0,4125
B026A,EB026,2026-09-05,B026,BANK,TRY,4250,0
B026B,EB026,2026-09-05,B026,AR,TRY,0,4250
B027A,EB027,2026-09-05,B027,BANK,TRY,4375,0
B027B,EB027,2026-09-05,B027,AR,TRY,0,4375
B028A,EB028,2026-09-05,B028,BANK,TRY,4500,0
B028B,EB028,2026-09-05,B028,AR,TRY,0,4500
B029A,EB029,2026-09-05,B029,BANK,TRY,4625,0
B029B,EB029,2026-09-05,B029,AR,TRY,0,4625
B030A,EB030,2026-09-05,B030,BANK,TRY,4750,0
B030B,EB030,2026-09-05,B030,AR,TRY,0,4750
B031A,EB031,2026-09-05,B031,BANK,TRY,4875,0
B031B,EB031,2026-09-05,B031,AR,TRY,0,4875
B032A,EB032,2026-09-05,B032,BANK,TRY,5000,0
B032B,EB032,2026-09-05,B032,AR,TRY,0,5000
B033A,EB033,2026-09-05,B033,BANK,TRY,5125,0
B033B,EB033,2026-09-05,B033,AR,TRY,0,5125
B034A,EB034,2026-09-05,B034,BANK,TRY,5250,0
B034B,EB034,2026-09-05,B034,AR,TRY,0,5250
B035A,EB035,2026-09-05,B035,BANK,TRY,5375,0
B035B,EB035,2026-09-05,B035,AR,TRY,0,5375
B036A,EB036,2026-09-05,B036,BANK,TRY,5500,0
B036B,EB036,2026-09-05,B036,AR,TRY,0,5500
B037A,EB037,2026-09-05,B037,BANK,TRY,5625,0
B037B,EB037,2026-09-05,B037,AR,TRY,0,5625
B038A,EB038,2026-09-05,B038,BANK,TRY,5750,0
B038B,EB038,2026-09-05,B038,AR,TRY,0,5750
B039A,EB039,2026-09-05,B039,BANK,TRY,5875,0
B039B,EB039,2026-09-05,B039,AR,TRY,0,5875
B040A,EB040,2026-09-05,B040,BANK,TRY,6000,0
B040B,EB040,2026-09-05,B040,AR,TRY,0,6000
B041A,EB041,2026-09-05,B041,BANK,TRY,5000,0
B041B,EB041,2026-09-05,B041,AR,TRY,0,5000
B042A,EB042,2026-09-05,B042,BANK,TRY,7000,0
B042B,EB042,2026-09-05,B042,AR,TRY,0,7000
B043A,EB043,2026-09-05,B043,BANK,TRY,10000,0
B043B,EB043,2026-09-05,B043,AR,TRY,0,10000
B044A,EB044,2026-09-05,B044,BANK,TRY,9975,0
B044B,EB044,2026-09-05,B044,AR,TRY,0,10000
B044C,EB044,2026-09-05,B044,FEE,TRY,25,0
B045A,EB045,2026-09-05,B045,BANK,TRY,3000,0
B045B,EB045,2026-09-05,B045,AR,TRY,0,3000
B046A,EB046,2026-09-05,B046,BANK,TRY,4500,0
B046B,EB046,2026-09-05,B046,AR,TRY,0,4500
B047A,EB047,2026-09-05,B047,BANK,TRY,4500,0
B047B,EB047,2026-09-05,B047,AR,TRY,0,4500
B049A,EB049,2026-09-05,B049,BANK,TRY,3750,0
B049B,EB049,2026-09-05,B049,AR,TRY,0,3750
B050A,EB050,2026-09-05,B050,BANK,TRY,1700,0
B050B,EB050,2026-09-05,B050,AR,TRY,0,1700
B051A,EB051,2026-09-05,B051,BANK,TRY,990,0
B051B,EB051,2026-09-05,B051,AR,TRY,0,990
B052A,EB052,2026-09-05,B052,BANK,TRY,0,2100
B052B,EB052,2026-09-05,B052,AR,TRY,2100,0
B053A,EB053,2026-09-05,B053,BANK,TRY,2200,0
B053B,EB053,2026-09-05,B053,AR,TRY,0,2200
