id,status,party,currency,bank_amount,invoice_amount,difference,rule,score,shape,bank_ids,invoice_ids,flags
R0001,MATCHED,INV-001,TRY,112500,112500,0,REFERENCE,100,1:1,B001,INV-001,
R0002,MATCHED,INV-002,TRY,125000,125000,0,REFERENCE,100,1:1,B002,INV-002,
R0003,MATCHED,INV-003,TRY,137500,137500,0,REFERENCE,100,1:1,B003,INV-003,
R0004,MATCHED,INV-004,TRY,150000,150000,0,REFERENCE,100,1:1,B004,INV-004,
R0005,MATCHED,INV-005,TRY,162500,162500,0,REFERENCE,100,1:1,B005,INV-005,
R0006,MATCHED,INV-006,TRY,175000,175000,0,REFERENCE,100,1:1,B006,INV-006,
R0007,MATCHED,INV-007,TRY,187500,187500,0,REFERENCE,100,1:1,B007,INV-007,
R0008,MATCHED,INV-008,TRY,200000,200000,0,REFERENCE,100,1:1,B008,INV-008,
R0009,MATCHED,INV-009,TRY,212500,212500,0,REFERENCE,100,1:1,B009,INV-009,
R0010,MATCHED,INV-010,TRY,225000,225000,0,REFERENCE,100,1:1,B010,INV-010,
R0011,MATCHED,INV-011,TRY,237500,237500,0,REFERENCE,100,1:1,B011,INV-011,
R0012,MATCHED,INV-012,TRY,250000,250000,0,REFERENCE,100,1:1,B012,INV-012,
R0013,MATCHED,INV-013,TRY,262500,262500,0,REFERENCE,100,1:1,B013,INV-013,
R0014,MATCHED,INV-014,TRY,275000,275000,0,REFERENCE,100,1:1,B014,INV-014,
R0015,MATCHED,INV-015,TRY,287500,287500,0,REFERENCE,100,1:1,B015,INV-015,
R0016,MATCHED,INV-016,TRY,300000,300000,0,REFERENCE,100,1:1,B016,INV-016,
R0017,MATCHED,INV-017,TRY,312500,312500,0,REFERENCE,100,1:1,B017,INV-017,
R0018,MATCHED,INV-018,TRY,325000,325000,0,REFERENCE,100,1:1,B018,INV-018,
R0019,MATCHED,INV-019,TRY,337500,337500,0,REFERENCE,100,1:1,B019,INV-019,
R0020,MATCHED,INV-020,TRY,350000,350000,0,REFERENCE,100,1:1,B020,INV-020,
R0021,MATCHED,INV-021,TRY,362500,362500,0,REFERENCE,100,1:1,B021,INV-021,
R0022,MATCHED,INV-022,TRY,375000,375000,0,REFERENCE,100,1:1,B022,INV-022,
R0023,MATCHED,INV-023,TRY,387500,387500,0,REFERENCE,100,1:1,B023,INV-023,
R0024,MATCHED,INV-024,TRY,400000,400000,0,REFERENCE,100,1:1,B024,INV-024,
R0025,MATCHED,INV-025,TRY,412500,412500,0,REFERENCE,100,1:1,B025,INV-025,
R0026,MATCHED,INV-026,TRY,425000,425000,0,REFERENCE,100,1:1,B026,INV-026,
R0027,MATCHED,INV-027,TRY,437500,437500,0,REFERENCE,100,1:1,B027,INV-027,
R0028,MATCHED,INV-028,TRY,450000,450000,0,REFERENCE,100,1:1,B028,INV-028,
R0029,MATCHED,INV-029,TRY,462500,462500,0,REFERENCE,100,1:1,B029,INV-029,
R0030,MATCHED,INV-030,TRY,475000,475000,0,REFERENCE,100,1:1,B030,INV-030,
R0031,MATCHED,INV-031,TRY,487500,487500,0,REFERENCE,100,1:1,B031,INV-031,
R0032,MATCHED,INV-032,TRY,500000,500000,0,REFERENCE,100,1:1,B032,INV-032,
R0033,MATCHED,INV-033,TRY,512500,512500,0,REFERENCE,100,1:1,B033,INV-033,
R0034,MATCHED,INV-034,TRY,525000,525000,0,REFERENCE,100,1:1,B034,INV-034,
R0035,MATCHED,INV-035,TRY,537500,537500,0,REFERENCE,100,1:1,B035,INV-035,
R0036,MATCHED,INV-036,TRY,550000,550000,0,REFERENCE,100,1:1,B036,INV-036,
R0037,MATCHED,INV-037,TRY,562500,562500,0,REFERENCE,100,1:1,B037,INV-037,
R0038,MATCHED,INV-038,TRY,575000,575000,0,REFERENCE,100,1:1,B038,INV-038,
R0039,MATCHED,INV-039,TRY,587500,587500,0,REFERENCE,100,1:1,B039,INV-039,
R0040,MATCHED,INV-040,TRY,600000,600000,0,REFERENCE,100,1:1,B040,INV-040,
R0041,MATCHED,SPLIT,TRY,1200000,1200000,0,REFERENCE,100,2:1,B041;B042,SPLIT,
R0042,MATCHED,BATCH,TRY,1000000,1000000,0,REFERENCE,100,1:2,B043,BATCH-A;BATCH-B,
R0043,REVIEW,FEE,TRY,997500,1000000,-2500,REFERENCE,100,1:1,B044,FEE,AMOUNT_DIFFERENCE;FEE_EXPLAINS_DIFFERENCE
R0044,REVIEW,PARTIAL,TRY,300000,800000,-500000,REFERENCE,100,1:1,B045,PARTIAL,AMOUNT_DIFFERENCE
R0045,REVIEW,DUP,TRY,900000,450000,450000,REFERENCE,100,2:1,B046;B047,DUP,AMOUNT_DIFFERENCE;DUPLICATE_SUSPECT
R0046,REVIEW,MISSING-GL,TRY,250000,250000,0,REFERENCE,100,1:1,B048,MISSING-GL,LEDGER_MISMATCH
R0047,MATCHED,OUTFLOW,TRY,-210000,-210000,0,REFERENCE,100,1:1,B052,OUTFLOW,
R0048,REVIEW,OVERPAY,TRY,220000,200000,20000,REFERENCE,100,1:1,B053,OVERPAY,AMOUNT_DIFFERENCE
R0049,REVIEW,UNREFERENCED,TRY,375000,375000,0,AMOUNT_DATE_PARTY,90,1:1,B049,UNREFERENCED,REFERENCE_MISSING
